Workbook

Sheet Etiqueta provisional
J1: Activo | K1: Etiqueta | L1: Seccion
J2: 103015 | K2: =VLOOKUP(J2,Hoja1!A:B,2,0) -> SACABOCADO MILWAUKEE M18 LOGIC 10T | L2: =+_xlfn.XLOOKUP(J2,Hoja1!$A:$A,Hoja1!$C:$C,"") -> B1, N1 M1_WTC
J3: 101483 | K3: =VLOOKUP(J3,Hoja1!A:B,2,0) -> MAQUINA DE CORTE DE NULEO MTM 1CN008 | L3: =+_xlfn.XLOOKUP(J3,Hoja1!$A:$A,Hoja1!$C:$C,"") -> B1, N1_WTC
J4: 101498 | K4: =VLOOKUP(J4,Hoja1!A:B,2,0) -> BOBINADORA ALTA TENSION RESINA (PE011) | L4: =+_xlfn.XLOOKUP(J4,Hoja1!$A:$A,Hoja1!$C:$C,"") -> B1, N1_WTC
J5: 101683 | K5: =VLOOKUP(J5,Hoja1!A:B,2,0) -> MAQUINA DE CORTE DE NUCLEO MTM 2 CN010 | L5: =+_xlfn.XLOOKUP(J5,Hoja1!$A:$A,Hoja1!$C:$C,"") -> B1, N1_WTC
J6: 101689 | K6: =VLOOKUP(J6,Hoja1!A:B,2,0) -> MAQUINA ROSCADORA DE TUBERIA | L6: =+_xlfn.XLOOKUP(J6,Hoja1!$A:$A,Hoja1!$C:$C,"") -> B1, N1_WTC
J7: 101701 | K7: =VLOOKUP(J7,Hoja1!A:B,2,0) -> BASCULA PARA CORTE HORNO | L7: =+_xlfn.XLOOKUP(J7,Hoja1!$A:$A,Hoja1!$C:$C,"") -> B1, N1_WTC
J8: 102270 | K8: =VLOOKUP(J8,Hoja1!A:B,2,0) -> POLIPASTO DE 3 TON CORTE NAVE 1 ATRAS | L8: =+_xlfn.XLOOKUP(J8,Hoja1!$A:$A,Hoja1!$C:$C,"") -> B1, N1_WTC
J9: 102272 | K9: =VLOOKUP(J9,Hoja1!A:B,2,0) -> PUENTE GRUA 5TON BODEGA 1 NAVE 1 ADEL GN016 | L9: =+_xlfn.XLOOKUP(J9,Hoja1!$A:$A,Hoja1!$C:$C,"") -> B1, N1_WTC
J10: 900000000019 | K10: =VLOOKUP(J10,Hoja1!A:B,2,0) -> FABRICACION DISPOSITIVO DE CARGUE | L10: =+_xlfn.XLOOKUP(J10,Hoja1!$A:$A,Hoja1!$C:$C,"") -> B1, N1_WTC
J11: 101465 | K11: =VLOOKUP(J11,Hoja1!A:B,2,0) -> DOBLADORA HIDRAULICA (EN079) | L11: =+_xlfn.XLOOKUP(J11,Hoja1!$A:$A,Hoja1!$C:$C,"") -> B1, N2, M2_WTC
J12: 102256 | K12: =VLOOKUP(J12,Hoja1!A:B,2,0) -> TALADRO DE BANCO TOTECH REF 45E CON CAJA DE PIÑON | L12: =+_xlfn.XLOOKUP(J12,Hoja1!$A:$A,Hoja1!$C:$C,"") -> B1, N2, M2_WTC
K13: =+_xlfn.XLOOKUP(J13,Hoja1!$A:$A,Hoja1!$B:$B,"") -> 0 | L13: =+_xlfn.XLOOKUP(J13,Hoja1!$A:$A,Hoja1!$C:$C,"") -> 0
K14: =+_xlfn.XLOOKUP(J14,Hoja1!$A:$A,Hoja1!$B:$B,"") -> 0 | L14: =+_xlfn.XLOOKUP(J14,Hoja1!$A:$A,Hoja1!$C:$C,"") -> 0
K15: =+_xlfn.XLOOKUP(J15,Hoja1!$A:$A,Hoja1!$B:$B,"") -> 0 | L15: =+_xlfn.XLOOKUP(J15,Hoja1!$A:$A,Hoja1!$C:$C,"") -> 0
K16: =+_xlfn.XLOOKUP(J16,Hoja1!$A:$A,Hoja1!$B:$B,"") -> 0 | L16: =+_xlfn.XLOOKUP(J16,Hoja1!$A:$A,Hoja1!$C:$C,"") -> 0
K17: =+_xlfn.XLOOKUP(J17,Hoja1!$A:$A,Hoja1!$B:$B,"") -> 0 | L17: =+_xlfn.XLOOKUP(J17,Hoja1!$A:$A,Hoja1!$C:$C,"") -> 0
K18: =+_xlfn.XLOOKUP(J18,Hoja1!$A:$A,Hoja1!$B:$B,"") -> 0 | L18: =+_xlfn.XLOOKUP(J18,Hoja1!$A:$A,Hoja1!$C:$C,"") -> 0
K19: =+_xlfn.XLOOKUP(J19,Hoja1!$A:$A,Hoja1!$B:$B,"") -> 0 | L19: =+_xlfn.XLOOKUP(J19,Hoja1!$A:$A,Hoja1!$C:$C,"") -> 0
K20: =+_xlfn.XLOOKUP(J20,Hoja1!$A:$A,Hoja1!$B:$B,"") -> 0 | L20: =+_xlfn.XLOOKUP(J20,Hoja1!$A:$A,Hoja1!$C:$C,"") -> 0
K21: =+_xlfn.XLOOKUP(J21,Hoja1!$A:$A,Hoja1!$B:$B,"") -> 0 | L21: =+_xlfn.XLOOKUP(J21,Hoja1!$A:$A,Hoja1!$C:$C,"") -> 0
K22: =+_xlfn.XLOOKUP(J22,Hoja1!$A:$A,Hoja1!$B:$B,"") -> 0 | L22: =+_xlfn.XLOOKUP(J22,Hoja1!$A:$A,Hoja1!$C:$C,"") -> 0
K23: =+_xlfn.XLOOKUP(J23,Hoja1!$A:$A,Hoja1!$B:$B,"") -> 0 | L23: =+_xlfn.XLOOKUP(J23,Hoja1!$A:$A,Hoja1!$C:$C,"") -> 0
K24: =+_xlfn.XLOOKUP(J24,Hoja1!$A:$A,Hoja1!$B:$B,"") -> 0 | L24: =+_xlfn.XLOOKUP(J24,Hoja1!$A:$A,Hoja1!$C:$C,"") -> 0
... K28: =+_xlfn.XLOOKUP(J28,Hoja1!$A:$A,Hoja1!$B:$B,"") -> 0 | L28: =+_xlfn.XLOOKUP(J28,Hoja1!$A:$A,Hoja1!$C:$C,"") -> 0

Sheet Hoja1
A1: Activo fijo | B1: Denominación del activo fijo | C1: Seccion
A2: 101478 | B2: SISTEMA DE AIRE ACONDIONADO MARCA MCQUAY (GN063) | C2: Administracion_WTC
A3: 101517 | B3: AIRE ACONDICIONADO LG VM242C7 AL004 | C3: Administracion_WTC
A4: 101523 | B4: AIRE ACONDICIONADO MARCA LG (GN037) | C4: Administracion_WTC
A5: 101978 | B5: ARON S.A.S | C5: Administracion_WTC
A6: 101979 | B6: MPS MAYORISTA DE COLOMBIA S.A. | C6: Administracion_WTC
A7: 101991 | B7: SUPERIOR RECTA ESCRITORIO | C7: Administracion_WTC
A8: 102003 | B8: ARCHIVADOR METALICO 2 PUERTAS | C8: Administracion_WTC
A9: 102004 | B9: ESCRITORIO RECTA EN MADERA BASE METALICA | C9: Administracion_WTC
A10: 102005 | B10: 1 ARCHIVADOR CON 3 CAJONERAS Y 1 RECTA EN MADERA B | C10: Administracion_WTC
A11: 102006 | B11: 1 ARCHIVADOR CON 3 CAJONERAS Y 1 RECTA EN MADERA B | C11: Administracion_WTC
A12: 102007 | B12: ARCHIVADOR METALICO 3 MODULOS ESCRITORIO EN MADERA | C12: Administracion_WTC
... A305: 103184 | B305: MAQUINA BOBINADORA 5 HP MOTOR COAXIAL | C305: B2, N1, M4_WTC
A306: 103003 | B306: PUENTE GRUA 5 TON HYUNDAI GN021 | C306: B2, N1_WTC
A307: 102275 | B307: BOBINADORA BROOMFIEL 500 A | C307: B2, N1_WTC
A308: 102280 | B308: BOBINADORA BROOMFIELD 600 (BN018) | C308: B2, N1_WTC
A309: 102282 | B309: HORNO DE CURADO PREMAC 2 IM003 | C309: B2, N1_WTC
A310: 102286 | B310: BOBINADORA BROOMFIELD 600 A | C310: B2, N1_WTC
A311: 102291 | B311: PUENTE GRUA 3 TON BOD. 2 NAVE 1 ATRÁS GN043 | C311: B2, N1_WTC
A312: 102981 | B312: PRENSADORA HIDRAULICA 8 CILINDROS CAP 5TON 2500PSI | C312: B2, N1_WTC
A313: 103182 | B313: BOBINADORA AT-BTXDE 3T 100RPM | C313: B2, N1_WTC
A314: 103233 | B314: PAPERBOARD CYLINDER ROLLING MACHINE MODE | C314: B2, N1_WTC
A315: 102757 | B315: EXTRACTOR DE POLVO HOLY TEK 2 SALIDAS 2HP | C315: B2, N2, M3_WTC
A316: 102920 | B316: SIERRA COLILLADORA INGLETEADORA 12" DEWALT DWS715 | C316: B2, N2, M3_WTC
A317: 102943 | B317: SIERRA COLILLADORA INGLETEADORA 12" DEWALT DWS715 | C317: B2, N2, M3_WTC
A318: 102247 | B318: CIZALLA CORTE MANUAL TIPO KGM1015 SERIAL2010 BN021 | C318: B2, N2, M4_WTC
... A671: 102936 | B671: LAPTOP DELL LATITUDE 3420 8GB RAM | C671: Ventas - WDS - Cota_WTC

Sheet Hoja3
A3: Activo fijo | B3: Denominación del activo fijo | C3: Seccion
A4: 102826 | B4: RETROFITTING CABINA DE PINTURA TANQUES CH055 | C4: B4, N1_WTC
A5: 103003 | B5: PUENTE GRUA 5 TON HYUNDAI GN021 | C5: B2, N1_WTC
A6: 101464 | B6: IMPRESORA MULTIFUNCIONAL LEXMARK MX421 | C6: Almacén_WTC
A7: 101465 | B7: DOBLADORA HIDRAULICA (EN079) | C7: B1, N2, M2_WTC
A8: 101466 | B8: ULTRAMAX II 695 PRO AIRLESS | C8: B4, N1_WTC
A9: 101467 | B9: CONSOLA DE IMPULSO SERIE HV 2013 - OJO 01728 EQUIP | C9: Pruebas_WTC
A10: 101468 | B10: PUENTE GRUA 20 TONELADAS MARCA HYUNDAI (GN017) | C10: B1, N4_WTC
A11: 101470 | B11: BASCULA DIGITAL 20 TONELADAS MARCA LEXUS - REF FOX | C11: B1, N4_WTC
A12: 101472 | B12: MONTACARGA DE 3 TONELADAS MARCA NISSAN REF MI05150 | C12: Almacén_WTC
A13: 101478 | B13: SISTEMA DE AIRE ACONDIONADO MARCA MCQUAY (GN063) | C13: Administracion_WTC
A14: 101479 | B14: EQUIPO DE AIRE ACONDICIONADO MARCA LG INVERTER V - | C14: Almacén_WTC
A15: 101480 | B15: SISTEMA DE AIRE ACONDIONADO MARCA MCQUAY (GN862) | C15: Almacén_WTC
A16: 101481 | B16: COMPUTADOR MARCA DELL LATITUDE 3591 SERIE 51D99S2 | C16: Almacén_WTC
A17: 101482 | B17: ESTIBADORA AZUL MARCA HU-LIF 3000 KG SERIAL 16115 | C17: Almacén_WTC
A18: 101483 | B18: ACTUALIZACION SISTEMA OPERATIVO MTM | C18: B1, N1_WTC
B19: MAQUINA DE CORTE DE NULEO MTM 1CN008 | C19: B1, N1_WTC
B20: RETROFITTING MAQ CORTE NUCLEO MICRO TOOL | C20: B1, N1_WTC
A21: 101484 | B21: PUENTE GRUA 500 KG | C21: B5, N2_WTC
A22: 101485 | B22: BOBINADORA DE BAJA TENSION DIGMOTOR (PE 010) | C22: B2, N2_WTC
A23: 101486 | B23: SOLDADOR MARCA SOLTRONIC REF 0292274 | C23: Resina_WTC
A24: 101487 | B24: SOLDADOR DE RESINA MARCA SOLTRONIC (PE015) | C24: Resina_WTC
A25: 101488 | B25: CORTADORA MARCA MAKITA REFERENCIA JS3201 (PE018) | C25: Resina_WTC
A26: 101489 | B26: ENRROLLADORA DE MALLA PARA BOBINAS | C26: B5, N2_WTC
A27: 101490 | B27: PLATAFORMA (PE007) | C27: B5, N1_WTC
A28: 101491 | B28: SUB-ESTACION ELECTRICA DE 13.200 WATS MARCA MTG SE | C28: B5_WTC
A29: 101492 | B29: BOBINADORA PREPARACION MANDRIL TRANSTECNO PE012 | C29: B5, N1_WTC
A30: 101494 | B30: ESTIBADORA AZUL MARCA HU-LIF 3000 KG | C30: Almacén_WTC
A31: 101496 | B31: AUTOCLAVE PLANTA DE IMPREGNACION (PE006) | C31: B5, N1_WTC
B32: MOTOR 5.5HP 1800RPM 112B5 IE3 | C32: B5, N1_WTC
B33: RED. NMRV150 20/1 PAM160B5 | C33: B5, N1_WTC
B34: RETROFITTING MAQUINA IMPREGNACION RESINA | C34: B5, N1_WTC
A35: 101497 | B35: SOLDADOR MARCA MILLER REFERENCIA CST 280 (BN020) | C35: B2, N2_WTC
A36: 101498 | B36: BOBINADORA ALTA TENSION RESINA (PE011) | C36: B1, N1_WTC
A37: 101499 | B37: MALACATE PARA MOLDES 700 KG (PE019) | C37: B5, N2_WTC
A38: 101500 | B38: ESTIBADORA 3 TON AZUL (GN033) | C38: B5_WTC
A39: 101501 | B39: BOMBA DE VACIO SV200 (PE003) | C39: B5, N1_WTC
A40: 101504 | B40: HORNO DE CURADO RESINA PE009 | C40: B5, N2_WTC
A41: 101505 | B41: PUENTE GRUA 1 TONELADA POLIPASTO (PE 014) +ADICION | C41: B2, N2_WTC
A42: 101506 | B42: ADICION AREA RESINA | C42: B5_WTC
A43: 101507 | B43: COMPUTADOR MARCA DELL LATITUDE 3490 SERIE 8GJLWS2 | C43: Almacén_WTC
A44: 101509 | B44: PUENTE GRUA 3 TONELADAS MARCA HYUNDAI GN022 | C44: B2, N2_WTC
A45: 101510 | B45: COMPUTADOR MARCA HP HP PRODESK 400G5 SFF SERIE MXL | C45: Almacén_WTC
A46: 101514 | B46: BANCO CONDEN 20 MVA 69KV DISPROEL 26 MICROFARADIOS | C46: Pruebas_WTC
B47: BANCO DE CONDENSADORES DE 26 MICROFARADIOS | C47: Pruebas_WTC
A48: 101517 | B48: AIRE ACONDICIONADO LG VM242C7 AL004 | C48: Administracion_WTC
A49: 101519 | B49: RACK SERVIDOR DE DATOS PRINCIPAL | C49: Almacén_WTC
A50: 101520 | B50: SERVIDOR LENOVO SR 3650 PRINCIPAL | C50: Almacén_WTC
A51: 101521 | B51: MED HUMEDAD Y PUNTO ROCIO VAISALA SN.P1430322 | C51: Pruebas_WTC
A52: 101522 | B52: UPS APC SPORTE DE ENERGIA PARA SERVIDORES | C52: Almacén_WTC
A53: 101523 | B53: AIRE ACONDICIONADO MARCA LG (GN037) | C53: Administracion_WTC
A54: 101524 | B54: DWR HIK VISION PARA CAMARAS | C54: Almacén_WTC
A55: 101525 | B55: SW HEWLETT PACKARD 1820 24 PUERTOS | C55: Almacén_WTC
A56: 101526 | B56: COMPUTADOR MARCA HP HP PRODESK 400G5 SFF SERIE MXL | C56: Almacén_WTC
A57: 101527 | B57: COMPUTADOR TIPO ESCRITORIO HP PRODESK COREI5 8 DE | C57: Almacén_WTC
A58: 101530 | B58: COMPUTADOR MARCA DELL OPTIPLEX SFF 3050 SERIE 2SX4 | C58: Almacén_WTC
A59: 101531 | B59: COMPUTADOR MARCA DELL OPTIPLEX SFF 3050 SERIE 2SK8 | C59: Almacén_WTC
... A90: 101608 | B90: ADECUACION CAMPO DE PRUEBAS | C90: B1, N3_WTC
B91: GABINETE, MALLAS SEP. EQUPOS CONTROL ADECUACION PR | C91: B1, N3_WTC
A92: 101609 | B92: COMPUTADOR HP ESCRITORIO COREI5 8 GB RAM, DD 1 TB | C92: Almacén_WTC
A93: 101610 | B93: AIRE ACONDICIONADO MARCA LG MODELO VM182C7 | C93: Almacén_WTC
A94: 101611 | B94: AIRE ACONDICIONADO SALON CHAPISTERIA GN055 | C94: B4_WTC
A95: 101612 | B95: COMPUTADOR MARCA HP HP PRODESK 400G5 SFF SERIE MXL | C95: Almacén_WTC
A96: 101613 | B96: COMPUTADOR MARCA HP HP PRODESK 400G5 SFF SERIE MXL | C96: Almacén_WTC
A97: 101614 | B97: COMPUTADOR MARCA HP HP PRODESK 400G5 SFF SERIE MXL | C97: Almacén_WTC
A98: 101615 | B98: COMPUTADOR MARCA HP HP PRODESK 400G5 SFF SERIE MXL | C98: Almacén_WTC
A99: 101617 | B99: COMPUTADOR MARCA HP HP PRODESK 400G5 SFF SERIE MXL | C99: Almacén_WTC
A100: 101625 | B100: COMPUTADOR MARCA HP HP PRODESK 400G5 SFF SERIE MXL | C100: Almacén_WTC
A101: 101626 | B101: SERVIDOR 2.40 GIGAHERTZ INTEL XEON 12 GIGAS | C101: Almacén_WTC
A102: 101627 | B102: SERVIDOR DE TELEFONIA INTEL XEON 3.20 GHZ, MEMORIA | C102: Almacén_WTC
A103: 101628 | B103: COMPUTADOR TIPO ESCRITORIO COREI7 16 RAM 1 TERABYT | C103: Almacén_WTC
... A291: 102272 | B291: AUMENTO DE CAPACIDAD POLIPASTO PARA 5 TON | C291: B1, N1_WTC
B292: PUENTE GRUA 5TON BODEGA 1 NAVE 1 ADEL GN016 | C292: B1, N1_WTC
A293: 102273 | B293: COPA CHISPOMETRO BAUR ASTM D1816 | C293: Pruebas_WTC
A294: 102274 | B294: COPA CHISPOMETRO BAUR ASTM D877 | C294: Pruebas_WTC
A295: 102275 | B295: BOBINADORA BROOMFIEL 500 A | C295: B2, N1_WTC
A296: 102277 | B296: BOBINADORA A.C.E (BN001) | C296: B2, N2_WTC
A297: 102278 | B297: BOMBA DE VACIO MARCA EDWARDS ES65 | C297: B1, N3_WTC
A298: 102280 | B298: BOBINADORA BROOMFIELD 600 (BN018) | C298: B2, N1_WTC
A299: 102281 | B299: TTR MONOFASICO MED TRANSFORMADOR RAYTECH HV110 | C299: Pruebas_WTC
A300: 102282 | B300: HORNO DE CURADO PREMAC 2 IM003 | C300: B2, N1_WTC
A301: 102283 | B301: HORNO DE CURADO PREMAC (EN012) | C301: B1, N4_WTC
A302: 102286 | B302: BOBINADORA BROOMFIELD 600 A | C302: B2, N1_WTC
A303: 102287 | B303: ESTANTERIA CASCAS ENCAPSULADOS | C303: Almacén_WTC
A304: 102289 | B304: PUENTE GRUA 5TON HYUNDAI (GN011) | C304: B1, N3_WTC
... A319: 102451 | B319: BOBINADORA TUBOLY ALTA TENSION PE024 EQIP 10138882 | C319: B5, N2_WTC
B320: COMPLEMENTO BOBINADORA AT TUBOLY FHVT 150-1 | C320: B5, N2_WTC
A321: 102452 | B321: MOLDE INYECCION PLASTICA PARA FABRICAR CALZO SOPOR | C321: Prepacion encap_WTC
A322: 102453 | B322: MOLDE INYECCION PLASTICA PARA FABRICAR CALZO PIN I | C322: Almacén_WTC
A323: 102454 | B323: MOLDE INYECCION PLASTICA PARA FABRICAR CALZO EMPAQ | C323: Almacén_WTC
A324: 102457 | B324: LAPTOP LENOVO THINKPAD E14 20RBS35T00 | C324: Administracion_WTC
A325: 102458 | B325: Computador portatil I7, SSD 500 GB, WIN 10 PRO, 8 | C325: PCP_WTC
A326: 102459 | B326: Computador tipo escritorio I7, 16 GB RAM, SSD 256 | C326: Tecnicos_WTC
A327: 102460 | B327: Computador tipo escritorio 5, 16 GB RAM, WIN 10 PR | C327: Tecnicos_WTC
A328: 102461 | B328: Computador tipo escritorio Superior 7, Decima gene | C328: Tecnicos_WTC
A329: 102462 | B329: Circuito cerrado de television BODEGAS WEG | C329: Administracion_WTC
A330: 102468 | B330: LICENCIA SOLIDWORKS STANDARD | C330: PCP_WTC
A331: 102486 | B331: THINKPAD X1 CARBON GEN 10 COREI5 | C331: Administracion_WTC
A332: 102491 | B332: AIRE ACONDICIONADO GERENCIA INDUSTRIAL | C332: Administracion_WTC
... A338: 102532 | B338: RED VOZ Y DATOS REMODELACION CERTIFICACIONES Y CA | C338: Administracion_WTC
...

Sheet Base de datos
P1: Se traslada | R1: Si se traslada. Poner ubicación en WCT
A2: Activo fijo | B2: Subnúmero | C2: Denominación del activo fijo | D2: Capitalizado el | E2: Val.adq. | F2: Amo acum. | G2: Val.cont. | H2: Moneda | I2: Sociedad | J2: Clase activos fijos | K2: Descapitalización el | L2: Centro de costo | M2: Nombre | N2: Centro de beneficio | O2: Seccion | P2: Si | Q2: No | R2: Ubicación en nueva planta. | S2: Observacion
A3: 101464 | B3: 0 | C3: IMPRESORA MULTIFUNCIONAL LEXMARK MX421 | D3: 42005 | E3: 1584000 | F3: -1584000 | G3: 0 | H3: COP | I3: 3009 | J3: CO52001 | L3: 47567015 | M3: Almacén | N3: 41756150 | O3: Almacén_WTC
A4: 101465 | B4: 0 | C4: DOBLADORA HIDRAULICA (EN079) | D4: 42005 | E4: 2890000 | F4: -2551514 | G4: 338486 | H4: COP | I4: 3009 | J4: CO41001 | L4: 47544024 | M4: Ensamble Parte Activa >300 KVA | N4: 41754150 | O4: B1, N2, M2_WTC
A5: 101466 | B5: 0 | C5: ULTRAMAX II 695 PRO AIRLESS | D5: 42005 | E5: 10900000 | F5: -6415573 | G5: 4484427 | H5: COP | I5: 3009 | J5: CO41001 | L5: 47544011 | M5: Preparación e Pintura Soldadura | N5: 41754150 | O5: B4, N1_WTC
A6: 101467 | B6: 0 | C6: CONSOLA DE IMPULSO SERIE HV 2013 - OJO 01728 EQUIP | D6: 42005 | E6: 151751504 | F6: -133977867 | G6: 17773637 | H6: COP | I6: 3009 | J6: CO41001 | L6: 47544032 | M6: Laboratório Aceite, Encapasuldo y Seco >300 kVA | N6: 41754150 | O6: Pruebas_WTC
A7: 101468 | B7: 0 | C7: PUENTE GRUA 20 TONELADAS MARCA HYUNDAI (GN017) | D7: 42005 | E7: 160000000 | F7: -141260274 | G7: 18739726 | H7: COP | I7: 3009 | J7: CO41001 | L7: 47544025 | M7: Encubado | N7: 41754150 | O7: B1, N4_WTC
A8: 101470 | B8: 0 | C8: BASCULA DIGITAL 20 TONELADAS MARCA LEXUS - REF FOX | D8: 42174 | E8: 6284045 | F8: -5417123 | G8: 866922 | H8: COP | I8: 3009 | J8: CO41001 | L8: 47544025 | M8: Encubado | N8: 41754150 | O8: B1, N4_WTC
A9: 101472 | B9: 0 | C9: MONTACARGA DE 3 TONELADAS MARCA NISSAN REF MI05150 | D9: 42702 | E9: 97440000 | F9: -51397004 | G9: 46042996 | H9: COP | I9: 3009 | J9: CO41001 | L9: 47567015 | M9: Almacén | N9: 41756150 | O9: Almacén_WTC
A10: 101478 | B10: 0 | C10: SISTEMA DE AIRE ACONDIONADO MARCA MCQUAY (GN063) | D10: 42736 | E10: 1800000 | F10: -1800000 | G10: 0 | H10: COP | I10: 3009 | J10: CO51001 | L10: 47502031 | M10: Compras | N10: 41750150 | O10: Administracion_WTC | P10: X | R10: Ejemplo bodega 1
A11: 101479 | B11: 0 | C11: EQUIPO DE AIRE ACONDICIONADO MARCA LG INVERTER V - | D11: 42736 | E11: 2098000 | F11: -2098000 | G11: 0 | H11: COP | I11: 3009 | J11: CO51001 | L11: 47567015 | M11: Almacén | N11: 41756150 | O11: Almacén_WTC
A12: 101480 | B12: 0 | C12: SISTEMA DE AIRE ACONDIONADO MARCA MCQUAY (GN862) | D12: 42736 | E12: 4774280 | F12: -4774280 | G12: 0 | H12: COP | I12: 3009 | J12: CO51001 | L12: 47567015 | M12: Almacén | N12: 41756150 | O12: Almacén_WTC
A13: 101481 | B13: 0 | C13: COMPUTADOR MARCA DELL LATITUDE 3591 SERIE 51D99S2 | D13: 42765 | E13: 2610000 | F13: -2610000 | G13: 0 | H13: COP | I13: 3009 | J13: CO52001 | L13: 47567015 | M13: Almacén | N13: 41756150 | O13: Almacén_WTC
A14: 101482 | B14: 0 | C14: ESTIBADORA AZUL MARCA HU-LIF 3000 KG SERIAL 16115 | D14: 42790 | E14: 3029740 | F14: -2359289 | G14: 670451 | H14: COP | I14: 3009 | J14: CO41001 | L14: 47567015 | M14: Almacén | N14: 41756150 | O14: Almacén_WTC
A15: 101483 | B15: 0 | C15: MAQUINA DE CORTE DE NULEO MTM 1CN008 | D15: 42795 | E15: 746574046 | F15: -289126990 | G15: 457447056 | H15: COP | I15: 3009 | J15: CO41001 | L15: 47544015 | M15: Corte Silicio | N15: 41754150 | O15: B1, N1_WTC
A16: 101483 | B16: 1 | C16: RETROFITTING MAQ CORTE NUCLEO MICRO TOOL | D16: 44895 | E16: 37139561 | F16: -7463825 | G16: 29675736 | H16: COP | I16: 3009 | J16: CO41001 | L16: 47544015 | M16: Corte Silicio | N16: 41754150 | O16: B1, N1_WTC
A17: 101483 | B17: 2 | C17: ACTUALIZACION SISTEMA OPERATIVO MTM | D17: 44844 | E17: 25760840 | F17: -6107318 | G17: 19653522 | H17: COP | I17: 3009 | J17: CO41001 | L17: 47544015 | M17: Corte Silicio | N17: 41754150 | O17: B1, N1_WTC
A18: 101484 | B18: 0 | C18: PUENTE GRUA 500 KG | D18: 42815 | E18: 2142000 | F18: -2142000 | G18: 0 | H18: COP | I18: 3009 | J18: CO41001 | L18: 47544018 | M18: Devanados Encapsulados | N18: 41754150 | O18: B5, N2_WTC | S18: Dar de baja
A19: 101485 | B19: 0 | C19: BOBINADORA DE BAJA TENSION DIGMOTOR (PE 010) | D19: 42856 | E19: 230000 | F19: -168456 | G19: 61544 | H19: COP | I19: 3009 | J19: CO42001 | L19: 47544021 | M19: Devanados Seco DT, MF y MDF | N19: 41754150 | O19: B2, N2_WTC
A20: 101486 | B20: 0 | C20: SOLDADOR MARCA SOLTRONIC REF 0292274 | D20: 42856 | E20: 450000 | F20: -329589 | G20: 120411 | H20: COP | I20: 3009 | J20: CO42001 | L20: 47544018 | M20: Devanados Encapsulados | N20: 41754150 | O20: Resina_WTC | S20: Dar de baja
A21: 101487 | B21: 0 | C21: SOLDADOR DE RESINA MARCA SOLTRONIC (PE015) | D21: 42856 | E21: 450000 | F21: -329589 | G21: 120411 | H21: COP | I21: 3009 | J21: CO42001 | L21: 47544018 | M21: Devanados Encapsulados | N21: 41754150 | O21: Resina_WTC | S21: Dar de baja
A22: 101488 | B22: 0 | C22: CORTADORA MARCA MAKITA REFERENCIA JS3201 (PE018) | D22: 42856 | E22: 455000 | F22: -333251 | G22: 121749 | H22: COP | I22: 3009 | J22: CO42001 | L22: 47544018 | M22: Devanados Encapsulados | N22: 41754150 | O22: Resina_WTC | S22: Dar de baja
A23: 101489 | B23: 0 | C23: ENRROLLADORA DE MALLA PARA BOBINAS | D23: 42856 | E23: 844000 | F23: -618163 | G23: 225837 | H23: COP | I23: 3009 | J23: CO41001 | L23: 47544018 | M23: Devanados Encapsulados | N23: 41754150 | O23: B5, N2_WTC
A24: 101490 | B24: 0 | C24: PLATAFORMA (PE007) | D24: 42856 | E24: 1000000 | F24: -732420 | G24: 267580 | H24: COP | I24: 3009 | J24: CO41001 | L24: 47544017 | M24: Preparación Encapsulados | N24: 41754150 | O24: B5, N1_WTC
A25: 101491 | B25: 0 | C25: SUB-ESTACION ELECTRICA DE 13.200 WATS MARCA MTG SE | D25: 42856 | E25: 1055000 | F25: -772703 | G25: 282297 | H25: COP | I25: 3009 | J25: CO41001 | L25: 47544017 | M25: Preparación Encapsulados | N25: 41754150 | O25: B5_WTC
A26: 101492 | B26: 0 | C26: BOBINADORA PREPARACION MANDRIL TRANSTECNO PE012 | D26: 42856 | E26: 1191000 | F26: -872312 | G26: 318688 | H26: COP | I26: 3009 | J26: CO42001 | L26: 47544017 | M26: Preparación Encapsulados | N26: 41754150 | O26: B5, N1_WTC
A27: 101494 | B27: 0 | C27: ESTIBADORA AZUL MARCA HU-LIF 3000 KG | D27: 42856 | E27: 1650000 | F27: -632123 | G27: 1017877 | H27: COP | I27: 3009 | J27: CO41001 | L27: 47567015 | M27: Almacén | N27: 41756150 | O27: Almacén_WTC
A28: 101496 | B28: 0 | C28: AUTOCLAVE PLANTA DE IMPREGNACION (PE006) | D28: 42856 | E28: 2500000 | F28: -957763 | G28: 1542237 | H28: COP | I28: 3009 | J28: CO41001 | L28: 47544018 | M28: Devanados Encapsulados | N28: 41754150 | O28: B5, N1_WTC
A29: 101496 | B29: 1 | C29: RED. NMRV150 20/1 PAM160B5 | D29: 44727 | E29: 3377550 | F29: -654691 | G29: 2722859 | H29: COP | I29: 3009 | J29: CO41001 | L29: 47544018 | M29: Devanados Encapsulados | N29: 41754150 | O29: B5, N1_WTC
A30: 101496 | B30: 2 | C30: MOTOR 5.5HP 1800RPM 112B5 IE3 | D30: 44727 | E30: 1786565 | F30: -346299 | G30: 1440266 | H30: COP | I30: 3009 | J30: CO41001 | L30: 47544018 | M30: Devanados Encapsulados | N30: 41754150 | O30: B5, N1_WTC
A31: 101496 | B31: 4 | C31: RETROFITTING MAQUINA IMPREGNACION RESINA | D31: 45182 | E31: 1277194572 | F31: -335919668 | G31: 941274904 | H31: COP | I31: 3009 | J31: CO41001 | L31: 47544018 | M31: Devanados Encapsulados | N31: 41754150 | O31: B5, N1_WTC
A32: 101497 | B32: 0 | C32: SOLDADOR MARCA MILLER REFERENCIA CST 280 (BN020) | D32: 42856 | E32: 2577000 | F32: -987262 | G32: 1589738 | H32: COP | I32: 3009 | J32: CO42001 | L32: 47544018 | M32: Devanados Encapsulados | N32: 41754150 | O32: B2, N2_WTC
A33: 101498 | B33: 0 | C33: BOBINADORA ALTA TENSION RESINA (PE011) | D33: 42856 | E33: 2800000 | F33: -1072694 | G33: 1727306 | H33: COP | I33: 3009 | J33: CO42001 | L33: 47544015 | M33: Corte Silicio | N33: 41754150 | O33: B1, N1_WTC | S33: Dar de baja
A34: 101499 | B34: 0 | C34: MALACATE PARA MOLDES 700 KG (PE019) | D34: 42856 | E34: 3000000 | F34: -1149315 | G34: 1850685 | H34: COP | I34: 3009 | J34: CO41001 | L34: 47544017 | M34: Preparación Encapsulados | N34: 41754150 | O34: B5, N2_WTC
A35: 101500 | B35: 0 | C35: ESTIBADORA 3 TON AZUL (GN033) | D35: 42856 | E35: 6200000 | F35: -2375251 | G35: 3824749 | H35: COP | I35: 3009 | J35: CO41001 | L35: 47544018 | M35: Devanados Encapsulados | N35: 41754150 | O35: B5_WTC
A36: 101501 | B36: 0 | C36: BOMBA DE VACIO SV200 (PE003) | D36: 42856 | E36: 7500000 | F36: -2873288 | G36: 4626712 | H36: COP | I36: 3009 | J36: CO42001 | L36: 47544018 | M36: Devanados Encapsulados | N36: 41754150 | O36: B5, N1_WTC
A37: 101504 | B37: 0 | C37: HORNO DE CURADO RESINA PE009 | D37: 42856 | E37: 10000000 | F37: -3831051 | G37: 6168949 | H37: COP | I37: 3009 | J37: CO41001 | L37: 47544018 | M37: Devanados Encapsulados | N37: 41754150 | O37: B5, N2_WTC
A38: 101505 | B38: 0 | C38: PUENTE GRUA 1 TONELADA POLIPASTO (PE 014) +ADICION | D38: 42856 | E38: 50467767 | F38: -19334453 | G38: 31133314 | H38: COP | I38: 3009 | J38: CO41001 | L38: 47544018 | M38: Devanados Encapsulados | N38: 41754150 | O38: B2, N2_WTC
A39: 101506 | B39: 0 | C39: ADICION AREA RESINA | D39: 42856 | E39: 378107500 | F39: -289709765 | G39: 88397735 | H39: COP | I39: 3009 | J39: CO41001 | L39: 47544017 | M39: Preparación Encapsulados | N39: 41754150 | O39: B5_WTC
A40: 101507 | B40: 0 | C40: COMPUTADOR MARCA DELL LATITUDE 3490 SERIE 8GJLWS2 | D40: 42947 | E40: 1954775 | F40: -1954775 | G40: 0 | H40: COP | I40: 3009 | J40: CO52001 | L40: 47567015 | M40: Almacén | N40: 41756150 | O40: Almacén_WTC
A41: 101509 | B41: 0 | C41: PUENTE GRUA 3 TONELADAS MARCA HYUNDAI GN022 | D41: 43039 | E41: 57268898 | F41: -42686904 | G41: 14581994 | H41: COP | I41: 3009 | J41: CO41001 | L41: 47544021 | M41: Devanados Seco DT, MF y MDF | N41: 41754150 | O41: B2, N2_WTC
A42: 101510 | B42: 0 | C42: COMPUTADOR MARCA HP HP PRODESK 400G5 SFF SERIE MXL | D42: 43100 | E42: 3096933 | F42: -3096933 | G42: 0 | H42: COP | I42: 3009 | J42: CO52001 | L42: 47567015 | M42: Almacén | N42: 41756150 | O42: Almacén_WTC
A43: 101514 | B43: 0 | C43: BANCO CONDEN 20 MVA 69KV DISPROEL 26 MICROFARADIOS | D43: 43131 | E43: 22055175 | F43: -9467212 | G43: 12587963 | H43: COP | I43: 3009 | J43: CO41001 | L43: 47544032 | M43: Laboratório Aceite, Encapasuldo y Seco >300 kVA | N43: 41754150 | O43: Pruebas_WTC
A44: 101514 | B44: 1 | C44: BANCO DE CONDENSADORES DE 26 MICROFARADIOS | D44: 44421 | E44: 11309000 | F44: -5105722 | G44: 6203278 | H44: COP | I44: 3009 | J44: CO41001 | L44: 47544032 | M44: Laboratório Aceite, Encapasuldo y Seco >300 kVA | N44: 41754150 | O44: Pruebas_WTC
A45: 101517 | B45: 0 | C45: AIRE ACONDICIONADO LG VM242C7 AL004 | D45: 43221 | E45: 4049386 | F45: -4049386 | G45: 0 | H45: COP | I45: 3009 | J45: CO51001 | L45: 47502031 | M45: Compras | N45: 41750150 | O45: Administracion_WTC | Q45: X | R45: Ejemplo tercer piso administracion
A46: 101519 | B46: 0 | C46: RACK SERVIDOR DE DATOS PRINCIPAL | D46: 43224 | E46: 4000000 | F46: -4000000 | G46: 0 | H46: COP | I46: 3009 | J46: CO52001 | L46: 47567015 | M46: Almacén | N46: 41756150 | O46: Almacén_WTC
A47: 101520 | B47: 0 | C47: SERVIDOR LENOVO SR 3650 PRINCIPAL | D47: 43224 | E47: 50581716 | F47: -50581716 | G47: 0 | H47: COP | I47: 3009 | J47: CO52001 | L47: 47567015 | M47: Almacén | N47: 41756150 | O47: Almacén_WTC
A48: 101521 | B48: 0 | C48: MED HUMEDAD Y PUNTO ROCIO VAISALA SN.P1430322 | D48: 43252 | E48: 13958326 | F48: -9938936 | G48: 4019390 | H48: COP | I48: 3009 | J48: CO42001 | L48: 47544032 | M48: Laboratório Aceite, Encapasuldo y Seco >300 kVA | N48: 41754150 | O48: Pruebas_WTC
A49: 101522 | B49: 0 | C49: UPS APC SPORTE DE ENERGIA PARA SERVIDORES | D49: 43256 | E49: 14023111 | F49: -14023111 | G49: 0 | H49: COP | I49: 3009 | J49: CO52001 | L49: 47567015 | M49: Almacén | N49: 41756150 | O49: Almacén_WTC
A50: 101523 | B50: 0 | C50: AIRE ACONDICIONADO MARCA LG (GN037) | D50: 43276 | E50: 4049386 | F50: -4049386 | G50: 0 | H50: COP | I50: 3009 | J50: CO51001 | L50: 47502031 | M50: Compras | N50: 41750150 | O50: Administracion_WTC
A51: 101524 | B51: 0 | C51: DWR HIK VISION PARA CAMARAS | D51: 43313 | E51: 1600000 | F51: -1600000 | G51: 0 | H51: COP | I51: 3009 | J51: CO52001 | L51: 47567015 | M51: Almacén | N51: 41756150 | O51: Almacén_WTC
A52: 101525 | B52: 0 | C52: SW HEWLETT PACKARD 1820 24 PUERTOS | D52: 43313 | E52: 2800000 | F52: -2800000 | G52: 0 | H52: COP | I52: 3009 | J52: CO52001 | L52: 47567015 | M52: Almacén | N52: 41756150 | O52: Almacén_WTC
A53: 101526 | B53: 0 | C53: COMPUTADOR MARCA HP HP PRODESK 400G5 SFF SERIE MXL | D53: 43321 | E53: 3022600 | F53: -3022600 | G53: 0 | H53: COP | I53: 3009 | J53: CO52001 | L53: 47567015 | M53: Almacén | N53: 41756150 | O53: Almacén_WTC
A54: 101527 | B54: 0 | C54: COMPUTADOR TIPO ESCRITORIO HP PRODESK COREI5 8 DE | D54: 43325 | E54: 6574750 | F54: -6574750 | G54: 0 | H54: COP | I54: 3009 | J54: CO52001 | L54: 47567015 | M54: Almacén | N54: 41756150 | O54: Almacén_WTC
A55: 101530 | B55: 0 | C55: COMPUTADOR MARCA DELL OPTIPLEX SFF 3050 SERIE 2SX4 | D55: 43405 | E55: 2590677 | F55: -2590677 | G55: 0 | H55: COP | I55: 3009 | J55: CO52001 | L55: 47567015 | M55: Almacén | N55: 41756150 | O55: Almacén_WTC
A56: 101531 | B56: 0 | C56: COMPUTADOR MARCA DELL OPTIPLEX SFF 3050 SERIE 2SK8 | D56: 43405 | E56: 2590677 | F56: -2590677 | G56: 0 | H56: COP | I56: 3009 | J56: CO52001 | L56: 47567015 | M56: Almacén | N56: 41756150 | O56: Almacén_WTC
A57: 101532 | B57: 0 | C57: COMPUTADOR MARCA HP HP PRODESK 400G5 SFF SERIE MXL | D57: 43405 | E57: 2725100 | F57: -2725100 | G57: 0 | H57: COP | I57: 3009 | J57: CO52001 | L57: 47567015 | M57: Almacén | N57: 41756150 | O57: Almacén_WTC
... A71: 101584 | B71: 0 | C71: MULTIMETRO FLUKE 289 TRUE RMS SN.24570186 HV 091 | D71: 43556 | E71: 1500000 | F71: -1500000 | G71: 0 | H71: COP | I71: 3009 | J71: CO42001 | L71: 47544032 | M71: Laboratório Aceite, Encapasuldo y Seco >300 kVA | N71: 41754150 | O71: Pruebas_WTC
A72: 101585 | B72: 0 | C72: SOLDADOR MILLER MULTIPROCESO D-400 | D72: 43556 | E72: 2000000 | F72: -1340753 | G72: 659247 | H72: COP | I72: 3009 | J72: CO42001 | L72: 47544013 | M72: Esamble Tanques | N72: 41754150 | O72: BAJA | S72: Se debe dar de baja
A73: 101586 | B73: 0 | C73: ESTIBADORA AMARILLA MARCA KTC (GN033) | D73: 43556 | E73: 2743441 | F73: -919570 | G73: 1823871 | H73: COP | I73: 3009 | J73: CO41001 | L73: 47567015 | M73: Almacén | N73: 41756150 | O73: Almacén_WTC
A74: 101587 | B74: 0 | C74: TRANSFORMADOR DE MEDIDA SERIAL 77500113 DE 3.75 VA | D74: 43556 | E74: 2852000 | F74: -2852000 | G74: 0 | H74: COP | I74: 3009 | J74: CO41001 | L74: 47544032 | M74: Laboratório Aceite, Encapasuldo y Seco >300 kVA | N74: 41754150 | O74: Pruebas_WTC
A75: 101588 | B75: 0 | C75: CAPACITOR ACOPLAMIENTO SN:10025 CK-2-3-1 | D75: 43556 | E75: 3000000 | F75: -3000000 | G75: 0 | H75: COP | I75: 3009 | J75: CO41001 | L75: 47544032 | M75: Laboratório Aceite, Encapasuldo y Seco >300 kVA | N75: 41754150 | O75: Pruebas_WTC
A76: 101594 | B76: 0 | C76: MEDIDOR RESISTENCIA DE AISLAMIENTO EBCHQ HV171 | D76: 43556 | E76: 4000000 | F76: -4000000 | G76: 0 | H76: COP | I76: 3009 | J76: CO42001 | L76: 47544032 | M76: Laboratório Aceite, Encapasuldo y Seco >300 kVA | N76: 41754150 | O76: Pruebas_WTC
A77: 101595 | B77: 0 | C77: SOLDADOR INVERSOR MILLER REFERENCIA CST 280 CH068 | D77: 43556 | E77: 5200000 | F77: -3485959 | G77: 1714041 | H77: COP | I77: 3009 | J77: CO42001 | L77: 47544013 | M77: Esamble Tanques | N77: 41754150 | O77: BAJA
A78: 101596 | B78: 0 | C78: REACTOR 3.55 MH 85 AMP 415 HZ HV158 | D78: 43556 | E78: 5500000 | F78: -5500000 | G78: 0 | H78: COP | I78: 3009 | J78: CO41001 | L78: 47544032 | M78: Laboratório Aceite, Encapasuldo y Seco >300 kVA | N78: 41754150 | O78: Pruebas_WTC
A79: 101597 | B79: 0 | C79: SOLDADOR MILLER MIG XPS 450 (CH048) | D79: 43556 | E79: 5600000 | F79: -3754110 | G79: 1845890 | H79: COP | I79: 3009 | J79: CO42001 | L79: 47544013 | M79: Esamble Tanques | N79: 41754150 | O79: BAJA
A80: 101598 | B80: 0 | C80: SOLDADOR MILLER MIG XPS 450 | D80: 43556 | E80: 6500000 | F80: -4357449 | G80: 2142551 | H80: COP | I80: 3009 | J80: CO42001 | L80: 47544013 | M80: Esamble Tanques | N80: 41754150 | O80: Chapisteria_WTC
A81: 101599 | B81: 0 | C81: SOLDADOR MILLER MIG XPS 450 | D81: 43556 | E81: 6500000 | F81: -4357449 | G81: 2142551 | H81: COP | I81: 3009 | J81: CO42001 | L81: 47544013 | M81: Esamble Tanques | N81: 41754150 | O81: Chapisteria_WTC
A82: 101600 | B82: 0 | C82: SIERRA SIN FIN HORIZONTAL CH067 BS-712R | D82: 43556 | E82: 6500000 | F82: -4357449 | G82: 2142551 | H82: COP | I82: 3009 | J82: CO42001 | L82: 47544013 | M82: Esamble Tanques | N82: 41754150 | O82: B4, N1_WTC
A83: 101603 | B83: 0 | C83: SOLDADOR REFERENCIA MILLERMATIC 252 | D83: 43556 | E83: 13000000 | F83: -8714897 | G83: 4285103 | H83: COP | I83: 3009 | J83: CO42001 | L83: 47544013 | M83: Esamble Tanques | N83: 41754150 | O83: Chapisteria_WTC
A84: 101605 | B84: 0 | C84: HORNO DE CURADO PINTURA DE TANQUES REF. CH056 | D84: 43556 | E84: 94965262 | F84: -31831250 | G84: 63134012 | H84: COP | I84: 3009 | J84: CO41001 | L84: 47544011 | M84: Preparación e Pintura Soldadura | N84: 41754150 | O84: B4, N1_WTC
... A163: 102014 | B163: 0 | C163: ARCHIVADOR METALICO 3 MODULOS ESCRITORIO EN MADERA | D163: 42005 | E163: 164000 | F163: -164000 | G163: 0 | H163: COP | I163: 3009 | J163: CO51001 | L163: 47502031 | M163: Compras | N163: 41750150 | O163: Administracion_WTC
A164: 102019 | B164: 0 | C164: PISTOLA NEUMATICA SENCO REF PAL90 (HU007) | D164: 42005 | E164: 190000 | F164: -190000 | G164: 0 | H164: COP | I164: 3009 | J164: CO42001 | L164: 47544032 | M164: Laboratório Aceite, Encapasuldo y Seco >300 kVA | N164: 41754150 | O164: BAJA | S164: HERRAMIENTAS MANUAL
A165: 102020 | B165: 0 | C165: PISTOLA NEUMATICA SENCO (HU002) | D165: 42005 | E165: 190000 | F165: -190000 | G165: 0 | H165: COP | I165: 3009 | J165: CO42001 | L165: 47544032 | M165: Laboratório Aceite, Encapasuldo y Seco >300 kVA | N165: 41754150 | O165: BAJA | S165: HERRAMIENTAS MANUAL
A166: 102026 | B166: 0 | C166: ESCRITORIO EN MADERA CON RECTA DE VIDRIO | D166: 42005 | E166: 200000 | F166: -200000 | G166: 0 | H166: COP | I166: 3009 | J166: CO51001 | L166: 47502031 | M166: Compras | N166: 41750150 | O166: Administracion_WTC
A167: 102027 | B167: 0 | C167: ESCRITORIO EN MADERA CON RECTA DE VIDRIO | D167: 42005 | E167: 200000 | F167: -200000 | G167: 0 | H167: COP | I167: 3009 | J167: CO51001 | L167: 47502031 | M167: Compras | N167: 41750150 | O167: Administracion_WTC
A168: 102030 | B168: 0 | C168: SILLAS MODULARES CON RODACHINES NEGRA Y AZUL 2UN | D168: 42005 | E168: 240000 | F168: -240000 | G168: 0 | H168: COP | I168: 3009 | J168: CO51001 | L168: 47567015 | M168: Almacén | N168: 41756150 | O168: Almacén_WTC
A169: 102033 | B169: 0 | C169: ARCHIVADOR DE 3 MODULOS EN MADERA | D169: 42005 | E169: 240000 | F169: -240000 | G169: 0 | H169: COP | I169: 3009 | J169: CO51001 | L169: 47567015 | M169: Almacén | N169: 41756150 | O169: Almacén_WTC
A170: 102034 | B170: 0 | C170: ARCHIVADOR METALICO 2 MODULOS CON SUPERIOR RECTA E | D170: 42005 | E170: 240000 | F170: -240000 | G170: 0 | H170: COP | I170: 3009 | J170: CO51001 | L170: 47567015 | M170: Almacén | N170: 41756150 | O170: Almacén_WTC
A171: 102036 | B171: 0 | C171: ARCHIVADOR METALICO 2 MODULOS CON SUPERIOR RECTA E | D171: 42005 | E171: 240000 | F171: -240000 | G171: 0 | H171: COP | I171: 3009 | J171: CO51001 | L171: 47567015 | M171: Almacén | N171: 41756150 | O171: Almacén_WTC
A172: 102037 | B172: 0 | C172: ARCHIVADOR METALICO 2 MODULOS CON SUPERIOR RECTA E | D172: 42005 | E172: 240000 | F172: -240000 | G172: 0 | H172: COP | I172: 3009 | J172: CO51001 | L172: 47567015 | M172: Almacén | N172: 41756150 | O172: Almacén_WTC
A173: 102038 | B173: 0 | C173: ARCHIVADOR METALICO 3 MODULOS CON SUPERIOR RECTA E | D173: 42005 | E173: 240000 | F173: -240000 | G173: 0 | H173: COP | I173: 3009 | J173: CO51001 | L173: 47567015 | M173: Almacén | N173: 41756150 | O173: Almacén_WTC
A174: 102039 | B174: 0 | C174: ARCHIVADOR METALICO 3 MODULOS CON ESCRITORIO EN MA | D174: 42005 | E174: 240000 | F174: -240000 | G174: 0 | H174: COP | I174: 3009 | J174: CO51001 | L174: 47567015 | M174: Almacén | N174: 41756150 | O174: Almacén_WTC
A175: 102042 | B175: 0 | C175: ARCHIVADOR METALICO 3 MODULOS CON SUPERIOR RECTA E | D175: 42005 | E175: 240000 | F175: -240000 | G175: 0 | H175: COP | I175: 3009 | J175: CO51001 | L175: 47567015 | M175: Almacén | N175: 41756150 | O175: Almacén_WTC
A176: 102043 | B176: 0 | C176: ARCHIVADOR METALICO 3 MODULOS ESCRITORIO EN MADERA | D176: 42005 | E176: 240000 | F176: -240000 | G176: 0 | H176: COP | I176: 3009 | J176: CO51001 | L176: 47567015 | M176: Almacén | N176: 41756150 | O176: Almacén_WTC
A177: 102044 | B177: 0 | C177: ARCHIVADOR METALICO 3 MODULOS CON SUPERIOR RECTA E | D177: 42005 | E177: 240000 | F177: -240000 | G177: 0 | H177: COP | I177: 3009 | J177: CO51001 | L177: 47567015 | M177: Almacén | N177: 41756150 | O177: Almacén_WTC
... A210: 102115 | B210: 0 | C210: CT ANALYZER MARCA OMICRON HV 3200 | D210: 42005 | E210: 450000 | F210: -450000 | G210: 0 | H210: COP | I210: 3009 | J210: CO41001 | L210: 47544032 | M210: Laboratório Aceite, Encapasuldo y Seco >300 kVA | N210: 41754150 | O210: Pruebas_WTC
A211: 102117 | B211: 0 | C211: RUTEADORA MARCA PERLES SERIAL 07060013 (EN044) | D211: 42005 | E211: 452000 | F211: -452000 | G211: 0 | H211: COP | I211: 3009 | J211: CO42001 | L211: 47544032 | M211: Laboratório Aceite, Encapasuldo y Seco >300 kVA | N211: 41754150 | O211: BAJA | S211: HERRAMIENTAS MANUAL
A212: 102118 | B212: 0 | C212: CLOSET DE MADERA - ARCHIVADOR | D212: 42005 | E212: 477000 | F212: -477000 | G212: 0 | H212: COP | I212: 3009 | J212: CO51001 | L212: 47567015 | M212: Almacén | N212: 41756150 | O212: Almacén_WTC
A213: 102132 | B213: 0 | C213: ESCRITORIO 2 MODULOS CON ARCHIVADOR METALICO | D213: 42005 | E213: 519000 | F213: -519000 | G213: 0 | H213: COP | I213: 3009 | J213: CO51001 | L213: 47502031 | M213: Compras | N213: 41750150 | O213: Administracion_WTC
A214: 102137 | B214: 0 | C214: SILLAS GIRATORIAS DE OFICINA 5UN | D214: 42005 | E214: 599200 | F214: -599200 | G214: 0 | H214: COP | I214: 3009 | J214: CO51001 | L214: 47567015 | M214: Almacén | N214: 41756150 | O214: Almacén_WTC
A215: 102138 | B215: 0 | C215: MESA RECTANGULAR EN MADERA CON VIDRIO | D215: 42005 | E215: 600000 | F215: -600000 | G215: 0 | H215: COP | I215: 3009 | J215: CO51001 | L215: 47567015 | M215: Almacén | N215: 41756150 | O215: Almacén_WTC
A216: 102145 | B216: 0 | C216: ARCHIVADOR EN MADERA COLOR MARMOL 12 PUESTOS | D216: 42005 | E216: 690000 | F216: -690000 | G216: 0 | H216: COP | I216: 3009 | J216: CO51001 | L216: 47567015 | M216: Almacén | N216: 41756150 | O216: Almacén_WTC
A217: 102149 | B217: 0 | C217: ARCHIVADOR MADERA DOS MODULOS | D217: 42005 | E217: 796000 | F217: -796000 | G217: 0 | H217: COP | I217: 3009 | J217: CO51001 | L217: 47502031 | M217: Compras | N217: 41750150 | O217: Administracion_WTC
A218: 102150 | B218: 0 | C218: CONTROL DE EXTRACTORES MONOFASICOS | D218: 42005 | E218: 790000 | F218: -790000 | G218: 0 | H218: COP | I218: 3009 | J218: CO41001 | L218: 47544025 | M218: Encubado | N218: 41754150 | O218: B1, N4_WTC
A219: 102151 | B219: 0 | C219: ARCHIVADOR METALICO PUERTA CORREDIZA | D219: 42005 | E219: 820000 | F219: -820000 | G219: 0 | H219: COP | I219: 3009 | J219: CO51001 | L219: 47567015 | M219: Almacén | N219: 41756150 | O219: Almacén_WTC
A220: 102152 | B220: 0 | C220: ARCHIVADOR PUERTA CORREDIZA METALICO | D220: 42005 | E220: 820000 | F220: -820000 | G220: 0 | H220: COP | I220: 3009 | J220: CO51001 | L220: 47567015 | M220: Almacén | N220: 41756150 | O220: Almacén_WTC
A221: 102153 | B221: 0 | C221: SISTEMA DE AIRE ACONDICIONADO MARCA COMFORT STYLE | D221: 42005 | E221: 834760 | F221: -834760 | G221: 0 | H221: COP | I221: 3009 | J221: CO51001 | L221: 47567015 | M221: Almacén | N221: 41756150 | O221: Almacén_WTC
A222: 102155 | B222: 0 | C222: SILLAS DE OFICINA CON RODACHINES 4 AZULES Y 1 NE 5 | D222: 42005 | E222: 876000 | F222: -876000 | G222: 0 | H222: COP | I222: 3009 | J222: CO51001 | L222: 47502031 | M222: Compras | N222: 41750150 | O222: Administracion_WTC
A223: 102156 | B223: 0 | C223: NEVERA MARCA HACEB | D223: 42005 | E223: 900000 | F223: -900000 | G223: 0 | H223: COP | I223: 3009 | J223: CO51001 | L223: 47567015 | M223: Almacén | N223: 41756150 | O223: Almacén_WTC
...
